{"rmse": 152.20236341635677, "r2": 0.7496529508136474, "_timestamp": 1698269020.7881608, "_runtime": 15.657573699951172, "_step": 0, "_wandb": {"runtime": 20}}