{"accuracy": 0.9146272383083583, "loss": 0.10118192517288793, "_timestamp": 1698161819.2769284, "_runtime": 416.0432584285736, "_step": 15, "_wandb": {"runtime": 5}}