{"rmse": 154.65091237997606, "r2": 0.6502616667783254, "_timestamp": 1698196392.6388788, "_runtime": 23.487759828567505, "_step": 0, "_wandb": {"runtime": 5}}