{"accuracy": 0.72, "precision": 0.5154639175257731, "recall": 0.847457627118644, "f1": 0.641025641025641, "roc_auc": 0.8147613895900949, "ppv": 0.5154639175257731, "npv": 0.912621359223301, "specificity": 0.6666666666666666, "_timestamp": 1698322756.754536, "_runtime": 396.6222929954529, "_step": 0, "_wandb": {"runtime": 6}}