{"accuracy": 0.77, "precision": 0.7241379310344828, "recall": 0.3559322033898305, "f1": 0.47727272727272724, "roc_auc": 0.7922827262892174, "ppv": 0.7241379310344828, "npv": 0.7777777777777778, "specificity": 0.9432624113475178, "_timestamp": 1698327997.5450022, "_runtime": 5.731002330780029, "_step": 0, "_wandb": {"runtime": 5}}